INSERT INTO "public"."utilizador" ("idutilizador", "nome", "email", "palavrapasse", "tipo", "datanascimento", "telemovel", "morada", "codigopostal", "ultimoacesso", "pontos", "cidade", "pais", "estado", "temquealterarpassword", "fcm_token") VALUES (1, 'Formador 1', 'softskillsformador@gmail.com', '$2b$10$A9QaVPsG3voPYzpMOFzNUOXyDtY6IYVhWfOFe3JpHLOFjJu0MW8Qy', 'formador', '1980-04-19', '912345234', 'Rua do Formando 1', '3505-527', '2025-09-04T15:19:30.573Z', 0, 'Viseu', 'Portugal', 'ativo', FALSE, 'ceJYuGdiI-wzArLVrpb06V:APA91bFZW6c-B9RgmuQp4G76DWDBYsjZdZ86cFJhflNn42qp8lEZ2iPoCBOYacZAimUI3t8-c928J7NLVvOFPn1pHdqOqOLlvSZu-z8W8CGpSZCXNMfv8mQ') ON CONFLICT DO NOTHING;
INSERT INTO "public"."utilizador" ("idutilizador", "nome", "email", "palavrapasse", "tipo", "datanascimento", "telemovel", "morada", "codigopostal", "ultimoacesso", "pontos", "cidade", "pais", "estado", "temquealterarpassword", "fcm_token") VALUES (4, 'Administrador 1', 'softskillsadm@gmail.com', '$2b$10$6o5iSBJWBtn1VzCNuM5gSu/8zFhYzl0ukhSLs3DSpIlVaF.TPZ65O', 'administrador', '2005-10-23', '913012697', 'Rua de minha Casa', '3505-527', '2025-09-04T15:24:19.270Z', 0, 'Viseu', 'Portugal', 'ativo', FALSE, 'ceJYuGdiI-wzArLVrpb06V:APA91bFZW6c-B9RgmuQp4G76DWDBYsjZdZ86cFJhflNn42qp8lEZ2iPoCBOYacZAimUI3t8-c928J7NLVvOFPn1pHdqOqOLlvSZu-z8W8CGpSZCXNMfv8mQ') ON CONFLICT DO NOTHING;
INSERT INTO "public"."utilizador" ("idutilizador", "nome", "email", "palavrapasse", "tipo", "datanascimento", "telemovel", "morada", "codigopostal", "ultimoacesso", "pontos", "cidade", "pais", "estado", "temquealterarpassword", "fcm_token") VALUES (8, 'Formando 1', 'softskillsformando@gmail.com', '$2b$10$8XRfmJKWI3kfKFqUxCvXzuVeG/nugKaym2IdaasIuhqtItzL66x5m', 'formando', '2010-10-10', '912323455', 'Rua do Formando 1', '3505-527', '2025-09-04T15:32:15.930Z', 0, 'Viseu', 'Portugal', 'ativo', FALSE, 'eRos1Rc6R5OEHCMMvhZmkd:APA91bEu21ueMIfMOpUGRUfYMT405-pBghKiJSYRMz86W6YCJnazNe76L0U8KsSiOkSPPMHQJozLxo6l1nC1L-ts8d-_uyuKT17YbSKyPmJXC6C9W3ZbAwk') ON CONFLICT DO NOTHING;
INSERT INTO "public"."cursos" ("id", "titulo", "descricao", "tema", "data_inicio", "data_fim", "tipo", "estado", "imgcurso", "avaliacao", "dificuldade", "pontos", "requisitos", "publico_alvo", "dados", "informacoes", "video", "alerta_formador", "formador_responsavel", "aprender_no_curso", "idioma", "created_at", "updated_at", "vagas_inscricao") VALUES (49, 'Desenvolvimento Front-End', 'Curso focado em HTML, CSS e JavaScript para criar interfaces modernas.', 'Desenvolvimento Front-End', '2025-09-11', '2025-10-11', 'Síncrono', 'Em breve', 'https://res.cloudinary.com/dogh4530a/image/upload/v1756986255/cursos/b2ezuhcz6et1v41zoncw.webp', '5.00', 'Avançado', 200, '["Nenhum conhecimento prévio necessário."]', '["Este curso é ideal para iniciantes em desenvolvimento web, estudantes de tecnologia e profissionais que desejam ingressar na área de Front-End"]', '["120 horas de video","Acesso no telemóvel e PC","Conteúdo descarregável","Certificado de Conclusão"]', 'Idioma: Português
Tradução: Português
Atualizado recentemente', NULL, NULL, 'Formador 1', '["Construir páginas web com HTML5","Personalizar interfaces com CSS3","Criar interatividade com JavaScript","Trabalhar com React e Node.JS","Construir layouts responsivos e acessíveis"]', 'Espanhol', '2025-09-04T10:44:15.897Z', '2025-09-04T15:03:28.959Z', 75) ON CONFLICT DO NOTHING;
INSERT INTO "public"."cursos" ("id", "titulo", "descricao", "tema", "data_inicio", "data_fim", "tipo", "estado", "imgcurso", "avaliacao", "dificuldade", "pontos", "requisitos", "publico_alvo", "dados", "informacoes", "video", "alerta_formador", "formador_responsavel", "aprender_no_curso", "idioma", "created_at", "updated_at", "vagas_inscricao") VALUES (50, 'Python - Estrutura de Dados', 'Aprende as principais estruturas de dados em Python, como listas, dicionários e conjuntos.', 'Estrutura de Dados', '2025-09-11', '2025-10-11', 'Assíncrono', 'Em breve', 'https://res.cloudinary.com/dogh4530a/image/upload/v1756986431/cursos/gzeqpe6b5aluqnlstqaf.png', NULL, 'Intermédio', 100, '["Conhecimento básico de computação","Lógica de programação (recomendado)","Conhecimento básico de matemática","Python básico (desejável mas não obrigatório)"]', '["Programadores Python iniciantes/intermédios","Estudantes de ciência da computação","Profissionais de análise de dados","Desenvolvedores que querem melhorar algoritmos","Candidatos a entrevistas técnicas"]', '["30+ horas de conteúdo prático","Implementação de 15+ estruturas de dados","100+ exercícios de algoritmos","5 projetos práticos avançados","Preparação para entrevistas técnicas","Código fonte de todos os exemplos","Certificado reconhecido pela indústria","Mentoria online com especialistas"]', 'Um curso intensivo e prático focado nas estruturas de dados mais importantes da programação moderna. Este curso vai além da teoria, oferecendo implementações práticas e aplicações reais de cada estrutura de dados estudada.

Você aprenderá a implementar e otimizar listas, pilhas, filas, árvores, grafos, hash tables e muito mais. Cada estrutura é acompanhada de análise de complexidade algorítmica e casos de uso práticos na indústria.

O curso inclui preparação intensiva para entrevistas técnicas das principais empresas de tecnologia, com mais de 100 exercícios graduais que vão do básico ao avançado. Ideal para quem quer dominar algoritmos e se destacar no mercado de trabalho.', 'https://www.youtube.com/embed/g_R_Asf6Co0', NULL, 'Administrador 1', '["Implementar listas, pilhas e filas eficientemente","Trabalhar com árvores binárias e AVL","Compreender algoritmos de ordenação avançados","Aplicar algoritmos de busca e grafos","Analisar complexidade temporal e espacial","Resolver problemas de entrevistas técnicas","Otimizar código para performance","Debugar algoritmos complexos"]', 'Português', '2025-09-04T10:47:11.685Z', '2025-09-04T14:24:20.653Z', 0) ON CONFLICT DO NOTHING;
INSERT INTO "public"."cursos" ("id", "titulo", "descricao", "tema", "data_inicio", "data_fim", "tipo", "estado", "imgcurso", "avaliacao", "dificuldade", "pontos", "requisitos", "publico_alvo", "dados", "informacoes", "video", "alerta_formador", "formador_responsavel", "aprender_no_curso", "idioma", "created_at", "updated_at", "vagas_inscricao") VALUES (48, 'Desenvolvimento Mobile', 'Aprenda a desenvolver aplicações móveis do zero utilizando as principais tecnologias do mercado.', 'Desenvolvimento Mobile', '2025-09-11', '2025-10-11', 'Assíncrono', 'Em breve', 'https://res.cloudinary.com/dogh4530a/image/upload/v1756986095/cursos/lkqafnz8wppqjuwqm7u7.png', NULL, 'Iniciante', 50, '["Conhecimento em programação (qualquer linguagem)","Experiência com desenvolvimento web (recomendado)","Familiaridade com conceitos de UI/UX","Acesso a dispositivo móvel para testes"]', '["Desenvolvedores web que querem expandir para mobile","Programadores com experiência em outras linguagens","Estudantes de informática interessados em mobile","Freelancers que querem oferecer desenvolvimento mobile","Profissionais de tecnologia em transição de carreira"]', '["40+ horas de desenvolvimento prático","Criação de 3 aplicações completas","Deploy nas lojas de aplicações","Integração com APIs reais","Testes em dispositivos reais","Código fonte de todos os projetos","Suporte técnico especializado","Networking com outros desenvolvedores"]', 'Mergulhe no universo do desenvolvimento mobile com este curso completo que aborda as principais tecnologias e frameworks do mercado. Aprenda a criar aplicações nativas e híbridas para Android e iOS com uma abordagem moderna e prática.

O curso cobre desde os fundamentos do desenvolvimento mobile até tópicos avançados como otimização de performance, integração com serviços de nuvem, notificações push e monetização de aplicações.

Você desenvolverá três aplicações completas: um app de produtividade, uma rede social simples e um e-commerce mobile. Todas as aplicações serão publicadas nas lojas oficiais, dando-lhe experiência real com o processo completo de desenvolvimento e distribuição.
', NULL, NULL, 'Administrador 1', '["Desenvolver apps nativos para Android e iOS","Implementar interfaces modernas e intuitivas","Integrar aplicações com APIs e serviços web","Gerenciar estado e dados locais","Implementar autenticação e segurança","Otimizar performance de aplicações mobile","Publicar apps nas lojas oficiais","Implementar notificações push e analytics"]', 'Inglês', '2025-09-04T10:41:36.521Z', '2025-09-04T13:56:51.399Z', 0) ON CONFLICT DO NOTHING;
INSERT INTO "public"."cursos" ("id", "titulo", "descricao", "tema", "data_inicio", "data_fim", "tipo", "estado", "imgcurso", "avaliacao", "dificuldade", "pontos", "requisitos", "publico_alvo", "dados", "informacoes", "video", "alerta_formador", "formador_responsavel", "aprender_no_curso", "idioma", "created_at", "updated_at", "vagas_inscricao") VALUES (45, 'HTML e CSS para Iniciantes', 'Curso introdutório de HTML e CSS, ideal para iniciantes no desenvolvimento web.', 'HTML e CSS', '2025-09-04', '2025-10-11', 'Síncrono', 'Em Curso', 'https://res.cloudinary.com/dogh4530a/image/upload/v1756985308/cursos/tm7xwoy6d0snoephphcx.webp', NULL, 'Intermédio', 100, '["Conhecimento básico de computação","Familiaridade com navegadores web","Motivação para aprender programação","Acesso a computador com internet"]', '["Iniciantes em programação web","Estudantes de informática e áreas relacionadas","Profissionais que desejam mudar de carreira para tecnologia","Designers que querem aprender a implementar seus designs","Empreendedores que querem criar seus próprios websites"]', '["25+ horas de vídeo sob demanda","50+ exercícios práticos hands-on","3 projetos completos para portfolio","Certificado de conclusão","Acesso vitalício ao conteúdo","Suporte da comunidade online","Material de apoio em PDF","Acesso mobile e desktop"]', 'Este curso abrangente de HTML e CSS foi desenvolvido especificamente para iniciantes que desejam entrar no mundo do desenvolvimento web. Com uma abordagem passo-a-passo, você aprenderá desde os conceitos fundamentais até técnicas avançadas de estilização e design responsivo.

O curso é 100% prático, com exercícios hands-on que consolidam cada conceito aprendido. Você criará três projetos completos: um site pessoal, um portfolio profissional e um website responsivo para uma empresa fictícia.

Ao final do curso, você terá dominado as ferramentas essenciais para criar websites modernos e responsivos, estando preparado para avançar para tecnologias como JavaScript, React ou iniciar sua carreira como desenvolvedor front-end.', NULL, NULL, 'Formador 1', '["Dominar a estrutura semântica do HTML5","Criar layouts responsivos com CSS3 e Flexbox","Implementar animações e transições suaves","Otimizar websites para diferentes dispositivos","Aplicar boas práticas de acessibilidade web","Trabalhar com ferramentas de desenvolvimento","Debugar e resolver problemas comuns","Preparar projetos para produção"]', 'Português', '2025-09-04T10:28:28.475Z', '2025-09-04T14:18:16.589Z', 50) ON CONFLICT DO NOTHING;
INSERT INTO "public"."categorias" ("idcategoria", "nome") VALUES (2, 'Perguntas e Respostas') ON CONFLICT DO NOTHING;
INSERT INTO "public"."categorias" ("idcategoria", "nome") VALUES (3, 'Cultura da Internet') ON CONFLICT DO NOTHING;
INSERT INTO "public"."categorias" ("idcategoria", "nome") VALUES (4, 'Tecnologia') ON CONFLICT DO NOTHING;
INSERT INTO "public"."categorias" ("idcategoria", "nome") VALUES (1, 'Programação') ON CONFLICT DO NOTHING;
INSERT INTO "public"."areas" ("idarea", "idcategoria", "nome") VALUES (2, 1, 'Desenvolvimento Mobile') ON CONFLICT DO NOTHING;
INSERT INTO "public"."areas" ("idarea", "idcategoria", "nome") VALUES (3, 1, 'Base de Dados') ON CONFLICT DO NOTHING;
INSERT INTO "public"."areas" ("idarea", "idcategoria", "nome") VALUES (4, 1, 'Automação e Scripting') ON CONFLICT DO NOTHING;
INSERT INTO "public"."areas" ("idarea", "idcategoria", "nome") VALUES (1, 1, 'Desenvolvimento Web') ON CONFLICT DO NOTHING;
INSERT INTO "public"."areas" ("idarea", "idcategoria", "nome") VALUES (6, 4, 'Hardware') ON CONFLICT DO NOTHING;
INSERT INTO "public"."areas" ("idarea", "idcategoria", "nome") VALUES (7, 4, 'Sistemas Operativos') ON CONFLICT DO NOTHING;
INSERT INTO "public"."areas" ("idarea", "idcategoria", "nome") VALUES (8, 2, 'Cursos') ON CONFLICT DO NOTHING;
INSERT INTO "public"."topicos" ("idtopicos", "idarea", "nome") VALUES (2, 1, 'CSS') ON CONFLICT DO NOTHING;
INSERT INTO "public"."topicos" ("idtopicos", "idarea", "nome") VALUES (3, 1, 'JavaScript') ON CONFLICT DO NOTHING;
INSERT INTO "public"."topicos" ("idtopicos", "idarea", "nome") VALUES (4, 2, 'Dart') ON CONFLICT DO NOTHING;
INSERT INTO "public"."topicos" ("idtopicos", "idarea", "nome") VALUES (5, 4, 'Python') ON CONFLICT DO NOTHING;
INSERT INTO "public"."topicos" ("idtopicos", "idarea", "nome") VALUES (6, 4, 'C++') ON CONFLICT DO NOTHING;
INSERT INTO "public"."topicos" ("idtopicos", "idarea", "nome") VALUES (7, 4, 'C#') ON CONFLICT DO NOTHING;
INSERT INTO "public"."topicos" ("idtopicos", "idarea", "nome") VALUES (1, 1, 'HTML') ON CONFLICT DO NOTHING;
INSERT INTO "public"."topicos" ("idtopicos", "idarea", "nome") VALUES (9, 6, 'Processadores') ON CONFLICT DO NOTHING;
INSERT INTO "public"."topicos" ("idtopicos", "idarea", "nome") VALUES (10, 6, 'GPUs') ON CONFLICT DO NOTHING;
INSERT INTO "public"."topicos" ("idtopicos", "idarea", "nome") VALUES (11, 7, 'Linux') ON CONFLICT DO NOTHING;
INSERT INTO "public"."topicos" ("idtopicos", "idarea", "nome") VALUES (12, 7, 'Windows') ON CONFLICT DO NOTHING;
INSERT INTO "public"."topicos" ("idtopicos", "idarea", "nome") VALUES (13, 8, 'Inscrições') ON CONFLICT DO NOTHING;
INSERT INTO "public"."topicos" ("idtopicos", "idarea", "nome") VALUES (14, 7, 'Ubuntu') ON CONFLICT DO NOTHING;
INSERT INTO "public"."topicos" ("idtopicos", "idarea", "nome") VALUES (15, 7, 'MacOs') ON CONFLICT DO NOTHING;
INSERT INTO "public"."topicos" ("idtopicos", "idarea", "nome") VALUES (16, 3, 'SQL') ON CONFLICT DO NOTHING;
INSERT INTO "public"."topicos" ("idtopicos", "idarea", "nome") VALUES (17, 3, 'PgAdmin') ON CONFLICT DO NOTHING;
INSERT INTO "public"."post" ("idpost", "idutilizador", "texto", "titulo", "datahora", "anexo", "url", "idtopico", "anexo_url") VALUES (85, 8, 'As pessoas que me tentaram ensinar Linux são uns incompetentes!!!', 'INCOMPETENTES', '2025-09-04T14:03:40.151Z', NULL, '', 11, NULL) ON CONFLICT DO NOTHING;
INSERT INTO "public"."post" ("idpost", "idutilizador", "texto", "titulo", "datahora", "anexo", "url", "idtopico", "anexo_url") VALUES (86, 8, 'Preciso de um esclarecimento, as inscrições só estão disponíveis quando o curso está no estado "Em breve"?', 'Dúvida urgente!', '2025-09-04T14:06:38.318Z', NULL, '', 13, NULL) ON CONFLICT DO NOTHING;
INSERT INTO "public"."forum" ("idforum", "nome", "descricao", "datahora", "estado", "idtopico", "autor") VALUES (1, 'Fórum Geral', 'Fórum de Testes', '2025-05-24T14:46:59.254Z', TRUE, NULL, NULL) ON CONFLICT DO NOTHING;
INSERT INTO "public"."forum" ("idforum", "nome", "descricao", "datahora", "estado", "idtopico", "autor") VALUES (2, 'Primeiro Tópico', 'Descrição do tópico de teste', '2025-06-11T10:42:11.105Z', TRUE, NULL, NULL) ON CONFLICT DO NOTHING;
INSERT INTO "public"."forum" ("idforum", "nome", "descricao", "datahora", "estado", "idtopico", "autor") VALUES (3, 'título tópico teste', 'descrição tópico teste ', '2025-06-11T15:59:01.712Z', TRUE, NULL, NULL) ON CONFLICT DO NOTHING;
INSERT INTO "public"."forum" ("idforum", "nome", "descricao", "datahora", "estado", "idtopico", "autor") VALUES (4, 'Funciona?', 'Sim', '2025-06-28T14:18:37.919Z', TRUE, NULL, NULL) ON CONFLICT DO NOTHING;
INSERT INTO "public"."forum" ("idforum", "nome", "descricao", "datahora", "estado", "idtopico", "autor") VALUES (5, 'Ola', 'Tudo bem', '2025-07-01T16:55:04.670Z', TRUE, NULL, NULL) ON CONFLICT DO NOTHING;
INSERT INTO "public"."forum" ("idforum", "nome", "descricao", "datahora", "estado", "idtopico", "autor") VALUES (6, 'teste', 'teste', '2025-07-01T18:19:16.410Z', TRUE, NULL, 'João Silva') ON CONFLICT DO NOTHING;
INSERT INTO "public"."forum" ("idforum", "nome", "descricao", "datahora", "estado", "idtopico", "autor") VALUES (7, 'asd', 'ads', '2025-07-01T18:31:31.857Z', TRUE, NULL, NULL) ON CONFLICT DO NOTHING;
INSERT INTO "public"."forum" ("idforum", "nome", "descricao", "datahora", "estado", "idtopico", "autor") VALUES (8, 'Teste', 'Descrição de teste', '2025-07-01T18:39:27.545Z', TRUE, NULL, NULL) ON CONFLICT DO NOTHING;
INSERT INTO "public"."forum" ("idforum", "nome", "descricao", "datahora", "estado", "idtopico", "autor") VALUES (9, 'Teste', 'Descrição de teste', '2025-07-01T18:43:11.298Z', TRUE, NULL, 'João Silva') ON CONFLICT DO NOTHING;
INSERT INTO "public"."forum" ("idforum", "nome", "descricao", "datahora", "estado", "idtopico", "autor") VALUES (10, 'Ja da', 'nao sei', '2025-07-01T18:46:40.416Z', TRUE, NULL, 'João Silva') ON CONFLICT DO NOTHING;
INSERT INTO "public"."forum" ("idforum", "nome", "descricao", "datahora", "estado", "idtopico", "autor") VALUES (11, 'ola', 'ola', '2025-07-01T18:48:49.213Z', TRUE, NULL, 'João Silva') ON CONFLICT DO NOTHING;
INSERT INTO "public"."forum" ("idforum", "nome", "descricao", "datahora", "estado", "idtopico", "autor") VALUES (12, 'data', 'esta fixe', '2025-07-01T18:56:22.887Z', TRUE, NULL, 'João Silva') ON CONFLICT DO NOTHING;
INSERT INTO "public"."forum" ("idforum", "nome", "descricao", "datahora", "estado", "idtopico", "autor") VALUES (13, 'hora?', 'asd', '2025-07-01T18:57:34.121Z', TRUE, NULL, 'João Silva') ON CONFLICT DO NOTHING;
INSERT INTO "public"."forum" ("idforum", "nome", "descricao", "datahora", "estado", "idtopico", "autor") VALUES (14, 'Respostas', 'Ja dao', '2025-07-02T10:11:52.286Z', TRUE, NULL, 'João Silva') ON CONFLICT DO NOTHING;
INSERT INTO "public"."forum" ("idforum", "nome", "descricao", "datahora", "estado", "idtopico", "autor") VALUES (15, 'Ja esta a dar?', 'sim', '2025-07-02T10:41:51.354Z', TRUE, NULL, 'João Silva') ON CONFLICT DO NOTHING;
INSERT INTO "public"."forum" ("idforum", "nome", "descricao", "datahora", "estado", "idtopico", "autor") VALUES (16, 'A', 'B', '2025-07-07T14:30:51.391Z', TRUE, NULL, 'Diogo Jota') ON CONFLICT DO NOTHING;
INSERT INTO "public"."forum" ("idforum", "nome", "descricao", "datahora", "estado", "idtopico", "autor") VALUES (17, 'asd', 'asd', '2025-07-07T15:05:41.637Z', TRUE, NULL, 'Diogo Jota') ON CONFLICT DO NOTHING;